num_cities,density,alpha,beta,baseline_cost,solution_cost,improvement_percent,time_taken_sec,errors
50,0.1,0.1,0.1,266.51,148.87,44.14,2.10,-
50,0.1,0.1,1,2280.92,2252.51,1.25,2.38,-
50,0.1,0.1,2,52132.42,3743.01,92.82,9.62,-
50,0.1,0.1,5,2205641360.87,2877.44,100.00,9.07,-
50,0.1,1,0.1,311.41,178.00,42.84,2.03,-
50,0.1,1,1,21971.20,21942.78,0.13,2.40,-
50,0.1,1,2,5204023.63,37423.97,99.28,11.42,-
50,0.1,1,5,220564126776120.97,28594.95,100.00,8.21,-
50,0.1,2,0.1,327.08,178.62,45.39,1.96,-
50,0.1,2,1,43849.28,43820.87,0.06,2.28,-
50,0.1,2,2,20815815.20,74835.20,99.64,8.97,-
50,0.1,2,5,7058052056832986.00,57349.11,100.00,32.29,-
50,0.1,5,0.1,349.53,200.49,42.64,2.22,-
50,0.1,5,1,109483.53,109455.12,0.03,2.66,-
50,0.1,5,2,130098356.19,201884.45,99.84,128.49,-
50,0.1,5,5,689262896175087360.00,330606.97,100.00,634.82,-
50,0.2,0.1,0.1,185.77,116.83,37.11,2.33,-
50,0.2,0.1,1,1338.08,1325.46,0.94,2.34,-
50,0.2,0.1,2,26290.50,1908.11,92.74,7.74,-
50,0.2,0.1,5,844266213.26,1388.58,100.00,7.75,-
50,0.2,1,0.1,219.96,134.44,38.88,2.05,-
50,0.2,1,1,12897.33,12885.36,0.09,2.48,-
50,0.2,1,2,2623731.82,19078.27,99.27,8.30,-
50,0.2,1,5,84426615954550.19,13826.12,100.00,9.17,-
50,0.2,2,0.1,231.90,142.35,38.62,1.90,-
50,0.2,2,1,25740.94,25728.97,0.05,2.35,-
50,0.2,2,2,10494766.15,38147.87,99.64,8.17,-
50,0.2,2,5,2701651710543940.00,27681.77,100.00,17.10,-
50,0.2,5,0.1,248.99,154.01,38.15,1.97,-
50,0.2,5,1,64271.77,64259.81,0.02,2.45,-
50,0.2,5,2,65592006.41,100768.30,99.85,20.23,-
50,0.2,5,5,263833174857801504.00,117040.70,100.00,169.71,-
50,0.5,0.1,0.1,136.21,91.48,32.84,2.22,-
50,0.5,0.1,1,975.37,966.27,0.93,2.31,-
50,0.5,0.1,2,18799.41,1236.37,93.42,8.72,-
50,0.5,0.1,5,416802734.68,827.06,100.00,8.78,-
50,0.5,1,0.1,161.55,108.34,32.94,1.96,-
50,0.5,1,1,9408.58,9399.76,0.09,2.34,-
50,0.5,1,2,1876144.04,12356.03,99.34,11.01,-
50,0.5,1,5,41680269632719.91,8194.87,100.00,10.24,-
50,0.5,2,0.1,170.39,114.27,32.94,2.05,-
50,0.5,2,1,18778.81,18769.99,0.05,2.33,-
50,0.5,2,2,7504461.10,24804.35,99.67,17.85,-
50,0.5,2,5,1333768628245848.50,16391.11,100.00,10.80,-
50,0.5,5,0.1,183.06,122.82,32.91,2.12,-
50,0.5,5,1,46889.49,46880.67,0.02,2.38,-
50,0.5,5,2,46902680.52,62966.59,99.87,102.38,-
50,0.5,5,5,130250842602129936.00,44766.92,100.00,218.57,-
50,1.0,0.1,0.1,99.30,84.03,15.38,2.60,-
50,1.0,0.1,1,898.43,892.80,0.63,2.46,-
50,1.0,0.1,2,21253.21,1030.13,95.15,10.89,-
50,1.0,0.1,5,755234446.09,666.43,100.00,9.04,-
50,1.0,1,0.1,115.76,99.42,14.12,2.08,-
50,1.0,1,1,8662.89,8661.71,0.01,2.60,-
50,1.0,1,2,2121786.14,10287.81,99.52,16.91,-
50,1.0,1,5,75523441038206.00,6624.36,100.00,21.91,-
50,1.0,2,0.1,121.50,104.34,14.12,2.37,-
50,1.0,2,1,17290.08,17289.27,0.00,2.60,-
50,1.0,2,2,8487037.45,20571.33,99.76,17.36,-
50,1.0,2,5,2416750113221485.50,13322.37,100.00,10.93,-
50,1.0,5,0.1,129.74,115.15,11.25,2.40,-
50,1.0,5,1,43171.64,43170.16,0.00,2.62,-
50,1.0,5,2,53043796.58,51496.79,99.90,27.62,-
50,1.0,5,5,236010753244282304.00,32570.31,100.00,98.90,-
100,0.1,0.1,0.1,514.09,308.42,40.01,3.70,-
100,0.1,0.1,1,3676.27,3623.12,1.45,5.59,-
100,0.1,0.1,2,75133.08,5286.31,92.96,17.21,-
100,0.1,0.1,5,2755357918.44,3833.07,100.00,18.87,-
100,0.1,1,0.1,607.34,338.30,44.30,3.60,-
100,0.1,1,1,35377.49,35324.34,0.15,4.80,-
100,0.1,1,2,7498070.53,52818.94,99.30,17.58,-
100,0.1,1,5,275535776452708.31,38246.49,100.00,18.74,-
100,0.1,2,0.1,639.89,378.49,40.85,4.11,-
100,0.1,2,1,70601.07,70547.92,0.08,5.23,-
100,0.1,2,2,29991820.36,105635.57,99.65,19.67,-
100,0.1,2,5,8817144846481893.00,76700.21,100.00,22.23,-
100,0.1,5,0.1,686.52,393.03,42.75,3.45,-
100,0.1,5,1,176271.80,176218.57,0.03,4.72,-
100,0.1,5,2,187448069.20,278358.49,99.85,27.52,-
100,0.1,5,5,861049301414232576.00,280452.34,100.00,318.84,-
100,0.2,0.1,0.1,391.98,246.38,37.14,3.56,-
100,0.2,0.1,1,2623.39,2592.10,1.19,4.80,-
100,0.2,0.1,2,53450.45,3598.26,93.27,18.08,-
100,0.2,0.1,5,1870881762.83,2523.99,100.00,19.42,-
100,0.2,1,0.1,465.64,294.01,36.86,3.61,-
100,0.2,1,1,25266.41,25235.11,0.12,4.95,-
100,0.2,1,2,5334401.93,35972.22,99.33,17.72,-
100,0.2,1,5,187088165532885.91,24898.05,100.00,33.69,-
100,0.2,2,0.1,491.34,305.18,37.89,3.58,-
100,0.2,2,1,50425.31,50394.02,0.06,4.88,-
100,0.2,2,2,21337285.20,71954.38,99.66,18.23,-
100,0.2,2,5,5986821297049013.00,49392.18,100.00,28.22,-
100,0.2,5,0.1,528.18,326.80,38.13,3.72,-
100,0.2,5,1,125902.02,125870.73,0.02,4.88,-
100,0.2,5,2,133357468.14,185805.29,99.86,25.21,-
100,0.2,5,5,584650517289932160.00,153123.16,100.00,111.26,-
100,0.5,0.1,0.1,266.91,185.18,30.62,4.10,-
100,0.5,0.1,1,1950.28,1936.70,0.70,5.00,-
100,0.5,0.1,2,47037.56,2165.31,95.40,21.98,-
100,0.5,0.1,5,2265723695.51,1442.21,100.00,18.83,-
100,0.5,1,0.1,316.13,217.70,31.13,3.88,-
100,0.5,1,1,18811.32,18797.74,0.07,5.09,-
100,0.5,1,2,4696149.78,21606.32,99.54,22.81,-
100,0.5,1,5,226572361867718.59,14350.56,100.00,21.37,-
100,0.5,2,0.1,333.30,233.24,30.02,4.13,-
100,0.5,2,1,37545.81,37532.23,0.04,4.89,-
100,0.5,2,2,18784368.62,43313.83,99.77,42.05,-
100,0.5,2,5,7250315579764613.00,28703.36,100.00,19.05,-
100,0.5,5,0.1,357.92,246.55,31.11,3.95,-
100,0.5,5,1,93749.29,93735.71,0.01,4.98,-
100,0.5,5,2,117401900.53,106831.18,99.91,23.02,-
100,0.5,5,5,708038630836381056.00,68078.35,100.00,203.28,-
100,1.0,0.1,0.1,201.47,166.37,17.42,4.26,-
100,1.0,0.1,1,1893.63,1890.75,0.15,5.58,-
100,1.0,0.1,2,54123.49,1934.72,96.43,27.69,-
100,1.0,0.1,5,3476513099.40,1309.12,100.00,20.95,-
100,1.0,1,0.1,234.36,198.42,15.33,4.07,-
100,1.0,1,1,18266.19,18266.19,0.00,5.71,-
100,1.0,1,2,5404978.09,19458.37,99.64,40.59,-
100,1.0,1,5,347651302495115.25,13117.03,100.00,34.43,-
100,1.0,2,0.1,245.84,210.30,14.45,4.49,-
100,1.0,2,1,36457.92,36456.25,0.00,5.78,-
100,1.0,2,2,21619689.00,38916.05,99.82,37.79,-
100,1.0,2,5,11124841679841382.00,26263.16,100.00,45.89,-
100,1.0,5,0.1,262.28,224.87,14.26,4.60,-
100,1.0,5,1,91033.12,91033.12,0.00,5.63,-
100,1.0,5,2,135122665.35,95537.81,99.93,30.12,-
100,1.0,5,5,1086410320297003136.00,60435.10,100.00,133.71,-
200,0.1,0.1,0.1,821.78,560.42,31.80,8.25,-
200,0.1,0.1,1,5072.44,5015.99,1.11,9.60,-
200,0.1,0.1,2,82889.28,6234.18,92.48,29.09,-
200,0.1,0.1,5,1775973246.30,4262.81,100.00,30.85,-
200,0.1,1,0.1,982.61,641.63,34.70,9.01,-
200,0.1,1,1,48918.51,48862.06,0.12,10.06,-
200,0.1,1,2,8269062.87,62254.05,99.25,30.01,-
200,0.1,1,5,177597304564950.50,42143.35,100.00,35.42,-
200,0.1,2,0.1,1038.73,703.88,32.24,9.80,-
200,0.1,2,1,97636.37,97579.92,0.06,10.55,-
200,0.1,2,2,33075649.52,124527.22,99.62,42.85,-
200,0.1,2,5,5683113746072198.00,83942.46,100.00,33.98,-
200,0.1,5,0.1,1119.15,749.96,32.99,9.71,-
200,0.1,5,1,243789.94,243733.49,0.02,10.52,-
200,0.1,5,2,206721756.04,316168.44,99.85,102.87,-
200,0.1,5,5,554991576764843456.00,234348.05,100.00,389.35,-
200,0.2,0.1,0.1,688.74,465.96,32.35,9.30,-
200,0.2,0.1,1,4387.62,4348.73,0.89,10.39,-
200,0.2,0.1,2,76519.58,5015.39,93.45,39.11,-
200,0.2,0.1,5,1996889329.63,3316.35,100.00,34.52,-
200,0.2,1,0.1,822.26,550.59,33.04,8.85,-
200,0.2,1,1,42318.66,42279.80,0.09,10.42,-
200,0.2,1,2,7634824.48,50071.91,99.34,42.61,-
200,0.2,1,5,199688915656538.72,32918.21,100.00,34.52,-
200,0.2,2,0.1,868.86,585.73,32.59,9.21,-
200,0.2,2,1,84464.26,84425.40,0.05,10.55,-
200,0.2,2,2,30538778.72,99783.79,99.67,56.71,-
200,0.2,2,5,6390045301003876.00,65887.39,100.00,39.14,-
200,0.2,5,0.1,935.63,619.75,33.76,9.37,-
200,0.2,5,1,210901.04,210862.18,0.02,10.62,-
200,0.2,5,2,190866458.38,249405.70,99.87,47.12,-
200,0.2,5,5,624027861426143104.00,156524.56,100.00,228.87,-
200,0.5,0.1,0.1,519.77,381.56,26.59,10.59,-
200,0.5,0.1,1,3870.69,3848.80,0.57,11.97,-
200,0.5,0.1,2,84366.68,3873.03,95.41,58.72,-
200,0.5,0.1,5,3536576781.25,2572.70,100.00,41.97,-
200,0.5,1,0.1,614.74,454.71,26.03,10.64,-
200,0.5,1,1,37330.08,37307.38,0.06,12.00,-
200,0.5,1,2,8421523.23,38201.53,99.55,80.90,-
200,0.5,1,5,353657662827394.50,25591.22,100.00,65.12,-
200,0.5,2,0.1,647.88,481.63,25.66,11.13,-
200,0.5,2,1,74507.18,74485.29,0.03,12.29,-
200,0.5,2,2,33685633.97,76436.44,99.77,67.19,-
200,0.5,2,5,11317045210471866.00,51168.48,100.00,54.65,-
200,0.5,5,0.1,695.37,518.13,25.49,11.06,-
200,0.5,5,1,186038.47,186016.58,0.01,12.34,-
200,0.5,5,2,210534409.18,188310.72,99.91,53.19,-
200,0.5,5,5,1105180196335128576.00,118181.42,100.00,131.97,-
200,1.0,0.1,0.1,407.72,357.54,12.31,13.82,-
200,1.0,0.1,1,3785.78,3783.57,0.06,16.00,-
200,1.0,0.1,2,100022.32,3275.17,96.73,70.16,-
200,1.0,0.1,5,4695074117.81,2311.68,100.00,58.03,-
200,1.0,1,0.1,474.30,425.12,10.37,13.33,-
200,1.0,1,1,36502.65,36501.13,0.00,16.30,-
200,1.0,1,2,9987325.62,32685.31,99.67,75.13,-
200,1.0,1,5,469507396723907.81,23089.34,100.00,64.02,-
200,1.0,2,0.1,497.54,444.90,10.58,13.36,-
200,1.0,2,1,72854.73,72854.73,0.00,16.81,-
200,1.0,2,2,39948850.77,65374.59,99.84,110.58,-
200,1.0,2,5,15024236695160376.00,46156.22,100.00,84.42,-
200,1.0,5,0.1,530.83,479.58,9.66,14.08,-
200,1.0,5,1,181910.97,181910.97,0.00,16.76,-
200,1.0,5,2,249679526.83,160350.85,99.94,186.73,-
200,1.0,5,5,1467210614761742592.00,105389.91,100.00,190.68,-
1000,0.1,0.1,0.1,3791.39,2854.73,24.71,169.98,-
1000,0.1,0.1,1,21005.40,20797.87,0.99,169.72,-
1000,0.1,0.1,2,351149.04,18431.80,94.75,366.81,-
1000,0.1,0.1,5,12069025293.88,16396.72,100.00,97.46,-
1000,0.1,1,0.1,4563.99,3393.38,25.65,197.43,-
1000,0.1,1,1,202786.07,202578.55,0.10,177.61,-
1000,0.1,1,2,35034957.63,184173.34,99.47,376.51,-
1000,0.1,1,5,1206902448634347.75,163438.11,100.00,102.44,-
1000,0.1,2,0.1,4833.60,3581.24,25.91,200.77,-
1000,0.1,2,1,404764.60,404557.08,0.05,198.69,-
1000,0.1,2,2,140137407.90,368347.98,99.74,383.88,-
1000,0.1,2,5,38620878356274040.00,326770.91,100.00,105.64,-
1000,0.1,5,0.1,5219.93,3856.79,26.11,193.01,-
1000,0.1,5,1,1010700.19,1010492.67,0.02,191.28,-
1000,0.1,5,2,875854559.75,920908.80,99.89,398.00,-
1000,0.1,5,5,3771570151979816960.00,1124713.90,100.00,111.36,-
1000,0.2,0.1,0.1,3369.43,2523.46,25.11,278.82,-
1000,0.2,0.1,1,20239.77,20063.41,0.87,272.70,-
1000,0.2,0.1,2,376228.70,15036.22,96.00,592.22,-
1000,0.2,0.1,5,15751637990.25,15298.76,100.00,103.52,-
1000,0.2,1,0.1,4040.62,3004.11,25.65,281.12,-
1000,0.2,1,1,195402.96,195226.59,0.09,274.26,-
1000,0.2,1,2,37545927.70,150182.53,99.60,556.54,-
1000,0.2,1,5,1575163721306340.75,152734.06,100.00,112.28,-
1000,0.2,2,0.1,4274.85,3185.30,25.49,266.71,-
1000,0.2,2,1,390028.72,389852.36,0.05,258.92,-
1000,0.2,2,2,150181379.22,300362.98,99.80,576.10,-
1000,0.2,2,5,50405239081778800.00,305561.23,100.00,115.50,-
1000,0.2,5,0.1,4610.48,3424.03,25.73,289.40,-
1000,0.2,5,1,973906.01,973729.64,0.02,279.65,-
1000,0.2,5,2,938629539.87,750899.30,99.92,637.46,-
1000,0.2,5,5,4922386629079878656.00,1030675.29,100.00,121.35,-
1000,0.5,0.1,0.1,2665.85,2101.38,21.17,587.49,-
1000,0.5,0.1,1,20015.38,19893.35,0.61,571.98,-
1000,0.5,0.1,2,469273.53,12313.31,97.38,1103.14,-
1000,0.5,0.1,5,24951752914.73,14712.10,100.00,136.35,-
1000,0.5,1,0.1,3157.23,2489.22,21.16,557.50,-
1000,0.5,1,1,193240.97,193120.07,0.06,572.56,-
1000,0.5,1,2,46851312.28,122989.83,99.74,1097.57,-
1000,0.5,1,5,2495175214664282.50,146839.81,100.00,159.85,-
1000,0.5,2,0.1,3328.70,2628.32,21.04,572.88,-
1000,0.5,2,1,385713.84,385592.94,0.03,586.50,-
1000,0.5,2,2,187402944.86,245977.66,99.87,1071.01,-
1000,0.5,2,5,79845606869233392.00,293811.83,100.00,163.69,-
1000,0.5,5,0.1,3574.42,2817.62,21.17,561.63,-
1000,0.5,5,1,963132.46,963011.56,0.01,577.36,-
1000,0.5,5,2,1171264372.87,614936.05,99.95,1149.82,-
1000,0.5,5,5,7797422545823505408.00,951611.23,100.00,171.33,-
1000,1.0,0.1,0.1,2060.07,1974.88,4.14,1128.86,-
1000,1.0,0.1,1,19983.77,19979.43,0.02,1129.23,-
1000,1.0,0.1,2,576559.35,10552.42,98.17,2318.83,-
1000,1.0,0.1,5,37984221900.76,14552.88,100.00,202.16,-
1000,1.0,1,0.1,2394.93,2310.56,3.52,1099.81,-
1000,1.0,1,1,192936.23,192935.07,0.00,1147.19,-
1000,1.0,1,2,57580018.87,105246.65,99.82,2053.19,-
1000,1.0,1,5,3798422113393741.00,145291.06,100.00,244.10,-
1000,1.0,2,0.1,2511.78,2432.53,3.16,1133.57,-
1000,1.0,2,1,385105.64,385105.51,0.00,1169.79,-
1000,1.0,2,2,230317775.00,210490.58,99.91,2036.79,-
1000,1.0,2,5,121549507628576096.00,290588.38,100.00,257.58,-
1000,1.0,5,0.1,2679.23,2594.45,3.16,1135.08,-
1000,1.0,5,1,961613.86,961613.86,0.00,1184.35,-
1000,1.0,5,2,1439482067.89,526223.93,99.96,2104.73,-
1000,1.0,5,5,11870069104353064960.00,938586.78,100.00,263.21,-
